City_ID,City,Country,Date,Lat,Lng,Max Temp,Humidity,Cloudiness,Wind Speed
0,Rikitea,PF,2022-10-20 19:02:51,-23.1203,-134.9692,70.29,76,100,24.58
1,Broken Hill,AU,2022-10-20 19:02:51,-31.95,141.4333,60.78,94,49,4.23
2,Albany,US,2022-10-20 18:59:59,42.6001,-73.9662,56.91,37,14,1.01
3,Kapaa,US,2022-10-20 19:02:52,22.0752,-159.319,75.52,82,100,13.8
4,Port Alfred,ZA,2022-10-20 19:02:53,-33.5906,26.891,63.18,87,91,1.01
5,Ponta Do Sol,PT,2022-10-20 19:02:09,32.6667,-17.1,76.01,84,98,5.08
6,Ushuaia,AR,2022-10-20 19:01:59,-54.8,-68.3,41.83,69,88,8.21
7,Bambous Virieux,MU,2022-10-20 19:02:54,-20.3428,57.7575,72.21,76,8,12.75
8,Fortuna,US,2022-10-20 19:02:54,40.5982,-124.1573,56.32,100,0,10.36
9,Sainte-Rose,GP,2022-10-20 19:02:55,16.3324,-61.6979,85.17,74,75,10.36
10,Bengkulu,ID,2022-10-20 19:01:50,-3.8004,102.2655,75.4,90,100,13.27
11,Maumere,ID,2022-10-20 19:02:56,-8.6199,122.2111,80.76,77,99,1.19
12,Katsina,NG,2022-10-20 19:02:56,12.9894,7.6006,84.45,23,6,7.61
13,East London,ZA,2022-10-20 19:02:56,-33.0153,27.9116,69.33,71,100,10.69
14,Aksarka,RU,2022-10-20 19:02:58,66.5606,67.7975,29.52,92,92,8.28
15,Margate,GB,2022-10-20 19:00:52,51.3813,1.3862,57.31,90,26,1.99
16,Saskylakh,RU,2022-10-20 19:02:23,71.9167,114.0833,11.61,93,98,5.7
17,Naze,JP,2022-10-20 19:03:01,28.3667,129.4833,73.72,70,98,17.47
18,Tweed,CA,2022-10-20 19:03:02,44.4751,-77.3162,45.05,88,100,14.67
19,Tynda,RU,2022-10-20 19:03:03,55.1667,124.7167,20.84,86,24,2.64
20,Vila Franca Do Campo,PT,2022-10-20 18:58:25,37.7167,-25.4333,66.61,75,32,10.56
21,Butaritari,KI,2022-10-20 19:02:01,3.0707,172.7902,80.58,77,24,9.08
22,Puerto Narino,CO,2022-10-20 19:03:05,-3.7703,-70.3831,88.2,57,90,3.51
23,Yerbogachen,RU,2022-10-20 19:03:05,61.2767,108.0108,30.06,86,100,4.16
24,Busselton,AU,2022-10-20 19:03:06,-33.65,115.3333,53.01,85,4,5.39
25,Carnarvon,AU,2022-10-20 19:03:07,-24.8667,113.6333,64.81,80,5,12.73
26,Cape Town,ZA,2022-10-20 18:59:10,-33.9258,18.4232,63.12,73,0,19.57
27,Port Elizabeth,ZA,2022-10-20 19:02:10,-33.918,25.5701,63.1,93,10,1.99
28,Karratha,AU,2022-10-20 19:03:08,-20.7377,116.8463,75.09,73,0,12.82
29,Hilo,US,2022-10-20 18:58:43,19.7297,-155.09,86.29,76,20,5.75
30,Atuona,PF,2022-10-20 19:03:09,-9.8,-139.0333,76.51,76,10,19.66
31,Hermon,US,2022-10-20 19:03:10,44.8101,-68.9134,58.55,46,20,17.27
32,Bluff,NZ,2022-10-20 19:00:53,-46.6,168.3333,45.54,55,36,10.96
33,Irituia,BR,2022-10-20 19:03:13,-1.7711,-47.4381,89.02,49,100,7.81
34,Port Lincoln,AU,2022-10-20 19:03:13,-34.7333,135.8667,55.76,91,1,6.6
35,Nikolskoye,RU,2022-10-20 19:03:14,59.7035,30.7861,40.91,96,75,3.49
36,Souillac,MU,2022-10-20 18:59:15,-20.5167,57.5167,71.98,83,75,11.5
37,Torbay,CA,2022-10-20 19:00:34,47.6666,-52.7314,62.38,92,100,7.0
38,Punta Arenas,CL,2022-10-20 19:00:15,-53.15,-70.9167,45.07,54,89,25.14
39,Pontivy,FR,2022-10-20 19:03:17,48.0,-3.0,65.05,95,79,6.62
40,Nouadhibou,MR,2022-10-20 19:03:17,20.931,-17.0347,73.0,77,0,20.36
41,Paso De Los Toros,UY,2022-10-20 19:03:18,-32.8167,-56.5167,63.43,96,100,4.12
42,Chokurdakh,RU,2022-10-20 19:03:19,70.6333,147.9167,10.92,94,100,17.81
43,Sechura,PE,2022-10-20 18:59:20,-5.5569,-80.8222,75.09,55,54,11.43
44,Kodiak,US,2022-10-20 19:03:20,57.79,-152.4072,47.71,57,0,11.5
45,Punta De Piedra,VE,2022-10-20 19:03:20,7.6176,-71.4916,90.66,48,85,3.89
46,Mikuni,JP,2022-10-20 19:04:21,36.2171,136.1519,54.7,69,0,5.59
47,Phan Thiet,VN,2022-10-20 19:04:21,10.9333,108.1,75.51,89,99,6.6
48,Lebu,CL,2022-10-20 19:04:22,-37.6167,-73.65,53.98,86,100,5.23
49,Codrington,AU,2022-10-20 19:02:08,-38.2667,141.9667,51.39,82,98,5.77
50,Hithadhoo,MV,2022-10-20 19:04:23,-0.6,73.0833,81.37,78,100,10.78
51,Barrow,US,2022-10-20 19:04:23,71.2906,-156.7887,24.82,93,75,12.66
52,Pisco,PE,2022-10-20 19:04:24,-13.7,-76.2167,67.01,72,23,12.66
53,Bathsheba,BB,2022-10-20 19:04:25,13.2167,-59.5167,84.81,79,40,14.97
54,Khatanga,RU,2022-10-20 19:02:21,71.9667,102.5,11.89,92,99,4.7
55,Werda,BW,2022-10-20 19:04:26,-25.2667,23.2833,79.86,29,0,4.54
56,Mataura,NZ,2022-10-20 19:04:27,-46.1927,168.8643,38.21,71,50,2.77
57,Gambo,CF,2022-10-20 19:04:28,4.6482,22.2633,70.99,96,100,0.65
58,Thompson,CA,2022-10-20 18:59:45,55.7435,-97.8558,53.76,62,75,5.75
59,Leningradskiy,RU,2022-10-20 19:04:29,69.3833,178.4167,26.89,98,100,6.67
60,Cherskiy,RU,2022-10-20 19:04:29,68.75,161.3,16.23,95,100,8.93
61,Roald,NO,2022-10-20 19:00:51,62.5833,6.1333,44.76,75,0,16.11
62,Kahului,US,2022-10-20 19:04:30,20.8947,-156.47,80.83,72,20,6.91
63,Freetown,SL,2022-10-20 19:04:31,8.484,-13.2299,78.84,81,100,4.92
64,Tuktoyaktuk,CA,2022-10-20 19:04:32,69.4541,-133.0374,26.6,93,100,13.8
65,Georgetown,MY,2022-10-20 19:04:32,5.4112,100.3354,82.89,76,20,0.0
66,Qaanaaq,GL,2022-10-20 19:04:33,77.484,-69.3632,2.26,66,11,12.93
67,Mar Del Plata,AR,2022-10-20 19:03:30,-38.0023,-57.5575,80.83,85,0,14.97
68,Dunedin,NZ,2022-10-20 18:59:59,-45.8742,170.5036,43.81,67,81,5.99
69,Kavaratti,IN,2022-10-20 19:04:35,10.5669,72.642,80.89,77,87,9.26
70,Yellowknife,CA,2022-10-20 19:03:40,62.456,-114.3525,37.56,93,100,17.0
71,Sembe,CG,2022-10-20 19:04:36,1.6481,14.5806,68.36,99,100,1.25
72,Yelizovo,RU,2022-10-20 19:04:37,53.1873,158.3805,37.54,47,40,4.47
73,Tiksi,RU,2022-10-20 19:04:37,71.6872,128.8694,1.94,94,30,10.85
74,Mahebourg,MU,2022-10-20 19:04:38,-20.4081,57.7,72.25,76,8,12.75
75,Hermanus,ZA,2022-10-20 19:04:39,-34.4187,19.2345,61.81,76,95,10.36
76,Alofi,NU,2022-10-20 19:04:39,-19.0595,-169.9187,77.34,81,72,9.06
77,Quatre Cocos,MU,2022-10-20 19:04:41,-20.2078,57.7625,72.09,77,9,13.02
78,Huarmey,PE,2022-10-20 19:04:42,-10.0681,-78.1522,67.3,68,47,12.28
79,Hamilton,US,2022-10-20 19:00:25,39.1834,-84.5333,55.02,28,85,5.01
80,Nanortalik,GL,2022-10-20 19:04:43,60.1432,-45.2371,36.28,60,38,6.2
81,Natal,BR,2022-10-20 19:04:34,-5.795,-35.2094,80.71,63,15,14.54
82,Sitka,US,2022-10-20 19:04:11,57.0531,-135.33,48.6,80,100,5.32
83,Half Moon Bay,US,2022-10-20 19:04:45,37.4636,-122.4286,85.87,66,20,10.36
84,Vardo,NO,2022-10-20 19:04:45,70.3705,31.1107,37.38,65,75,28.77
85,Nioro,GM,2022-10-20 19:04:46,13.35,-15.75,82.17,73,4,4.36
86,Hasaki,JP,2022-10-20 19:04:46,35.7333,140.8333,46.8,55,0,6.29
87,Zhangye,CN,2022-10-20 19:04:47,38.9342,100.4517,46.0,41,0,7.07
88,Touros,BR,2022-10-20 19:04:48,-5.1989,-35.4608,81.25,66,41,17.0
89,Maun,BW,2022-10-20 19:02:36,-19.9833,23.4167,78.98,28,50,4.74
90,Iqaluit,CA,2022-10-20 19:00:16,63.7506,-68.5145,33.98,83,100,18.41
91,New Norfolk,AU,2022-10-20 19:05:49,-42.7826,147.0587,51.3,83,15,2.68
92,Shebalino,RU,2022-10-20 19:05:50,51.2917,85.6772,40.01,64,100,15.17
93,Isangel,VU,2022-10-20 19:05:50,-19.55,169.2667,72.14,73,97,9.78
94,Labuhan,ID,2022-10-20 19:05:51,-6.8844,112.2051,79.92,82,100,5.08
95,Disna,BY,2022-10-20 19:05:52,55.568,28.1971,41.95,82,100,5.79
96,Chuy,UY,2022-10-20 19:05:52,-33.6971,-53.4616,65.7,76,100,9.24
97,Dubti,ET,2022-10-20 19:05:53,11.7361,41.0853,88.79,35,0,13.89
98,Esperance,AU,2022-10-20 19:04:55,-33.8667,121.9,60.28,83,94,5.91
99,Vasto,IT,2022-10-20 19:05:53,42.1243,14.7059,64.69,70,8,2.8
100,Miracema Do Tocantins,BR,2022-10-20 19:05:54,-9.5618,-48.3967,99.7,22,99,7.9
101,Vostok,RU,2022-10-20 19:05:55,46.4856,135.8833,31.44,74,88,5.46
102,Krasnyy Chikoy,RU,2022-10-20 19:05:55,50.3643,108.7512,26.67,97,53,1.97
103,Lensk,RU,2022-10-20 19:05:56,60.7253,114.9278,30.72,92,100,7.67
104,Birjand,IR,2022-10-20 19:05:57,32.8663,59.2211,58.14,28,2,2.06
105,Jamestown,US,2022-10-20 19:02:08,42.097,-79.2353,44.02,46,100,16.11
106,Epe,NG,2022-10-20 19:05:58,6.5841,3.9834,76.84,91,7,5.41
107,Acajutla,SV,2022-10-20 19:05:58,13.5928,-89.8275,83.3,77,71,7.4
108,Meyrin,CH,2022-10-20 19:05:59,46.2342,6.0803,63.61,89,40,2.3
109,Tarko-Sale,RU,2022-10-20 19:05:39,64.9225,77.785,35.22,91,100,15.26
110,Eyl,SO,2022-10-20 19:05:59,7.9803,49.8164,78.62,84,36,13.29
111,San Patricio,US,2022-10-20 19:06:00,28.017,-97.5169,82.08,28,0,8.23
112,Ler,SS,2022-10-20 19:06:01,8.3018,30.1418,76.6,74,54,3.24
113,Vaini,TO,2022-10-20 19:06:01,-21.2,-175.2,71.76,100,75,11.5
114,Clyde River,CA,2022-10-20 19:03:25,70.4692,-68.5914,17.83,73,75,6.91
115,Longyearbyen,SJ,2022-10-20 19:02:50,78.2186,15.6401,19.24,79,20,9.22
116,Hobart,AU,2022-10-20 19:06:03,-42.8794,147.3294,51.66,92,75,5.75
117,Aleksandrov Gay,RU,2022-10-20 19:06:05,50.147,48.5704,57.16,64,100,0.83
118,Taoudenni,ML,2022-10-20 19:06:06,22.6783,-3.9836,89.1,13,11,13.56
119,Guerrero Negro,MX,2022-10-20 19:05:11,27.9769,-114.0611,80.06,57,0,4.07
120,Faya,SA,2022-10-20 19:06:07,18.3851,42.4509,61.32,49,0,0.34
121,Kavieng,PG,2022-10-20 19:06:08,-2.5744,150.7967,81.77,74,81,9.69
122,Beloha,MG,2022-10-20 19:06:09,-25.1667,45.05,72.77,69,0,12.03
123,Sorong,ID,2022-10-20 19:06:09,-0.8833,131.25,79.09,84,100,4.14
124,Bundaberg,AU,2022-10-20 19:05:33,-24.85,152.35,69.22,99,1,5.75
125,Karasjok,NO,2022-10-20 19:06:10,69.4719,25.5112,29.91,73,100,3.78
126,Wanaka,NZ,2022-10-20 19:06:11,-44.7,169.15,39.11,63,6,4.29
127,Maceio,BR,2022-10-20 19:06:12,-9.6658,-35.7353,79.18,61,11,8.79
128,Puerto Ayora,EC,2022-10-20 19:06:13,-0.7393,-90.3518,69.39,74,82,11.1
129,Nome,US,2022-10-20 19:03:44,64.5011,-165.4064,39.27,87,75,8.05
130,Leona Vicario,MX,2022-10-20 19:06:14,20.9667,-87.1917,80.47,61,96,6.62
131,Mayor Pablo Lagerenza,PY,2022-10-20 19:06:15,-19.9309,-60.7718,76.71,70,85,13.22
132,Saint-Pierre,RE,2022-10-20 19:06:15,-21.3393,55.4781,71.91,73,20,6.91
133,Ostrovnoy,RU,2022-10-20 19:06:17,68.0531,39.5131,33.01,66,100,25.75
134,Crotone,IT,2022-10-20 19:06:18,39.0851,17.1178,67.19,63,0,9.93
135,Nalut,LY,2022-10-20 19:06:19,30.3333,10.85,68.72,42,0,7.49
136,Saint-Philippe,RE,2022-10-20 19:05:16,-21.3585,55.7679,69.39,77,38,11.23
137,Pemangkat,ID,2022-10-20 19:07:20,1.1667,108.9667,79.16,85,100,3.89
138,Svetlogorsk,BY,2022-10-20 19:07:21,52.6333,29.7333,35.38,84,13,5.91
139,Castro,BR,2022-10-20 19:07:22,-24.7911,-50.0119,65.52,81,100,6.06
140,Moron,AR,2022-10-20 19:07:23,-34.6534,-58.6198,77.95,75,100,5.39
141,Kamaishi,JP,2022-10-20 19:07:23,39.2667,141.8833,56.3,73,0,4.56
142,Zhigansk,RU,2022-10-20 19:07:24,66.7697,123.3711,17.02,96,96,9.33
143,Trinidad,BO,2022-10-20 19:02:52,-14.8333,-64.9,92.12,46,100,6.11
144,Egvekinot,RU,2022-10-20 19:07:25,66.3167,-179.1667,27.64,97,100,6.67
145,Kutum,SD,2022-10-20 19:07:26,14.2,24.6667,81.0,24,71,8.68
146,Padang,ID,2022-10-20 19:07:26,-0.9492,100.3543,76.14,86,100,3.49
147,Provideniya,RU,2022-10-20 19:07:27,64.3833,-173.3,34.7,97,100,6.87
148,Pangody,RU,2022-10-20 19:07:28,65.85,74.4859,33.37,96,100,13.13
149,Westport,US,2022-10-20 19:07:28,41.1415,-73.3579,60.62,40,0,17.27
150,Grindavik,IS,2022-10-20 19:07:30,63.8424,-22.4338,41.47,81,75,11.5
151,Tokur,RU,2022-10-20 19:07:31,53.1333,132.9,21.58,78,3,2.33
152,Salalah,OM,2022-10-20 19:06:59,17.0151,54.0924,78.89,78,40,4.61
153,Saint Anthony,US,2022-10-20 19:07:32,45.0205,-93.218,59.29,37,0,6.91
154,Caravelas,BR,2022-10-20 19:03:36,-17.7125,-39.2481,78.66,67,6,10.76
155,Chachapoyas,PE,2022-10-20 19:07:33,-6.2317,-77.869,64.38,80,100,1.9
156,Rundu,NA,2022-10-20 19:07:33,-17.9333,19.7667,75.69,39,23,4.12
157,Fairbanks,US,2022-10-20 19:07:29,64.8378,-147.7164,34.21,91,100,0.0
158,Adrar,MR,2022-10-20 19:07:35,20.5022,-10.0711,91.92,13,74,5.12
159,Shahrud,IR,2022-10-20 19:07:35,36.4182,54.9763,61.54,40,100,3.04
160,Flinders,AU,2022-10-20 19:04:49,-34.5833,150.8552,66.38,94,100,4.0
161,Yuli,NG,2022-10-20 19:07:38,9.6989,10.2744,79.57,42,14,2.39
162,Pangnirtung,CA,2022-10-20 19:07:38,66.1451,-65.7125,26.74,84,98,10.45
163,Kalmar,SE,2022-10-20 19:07:39,56.6616,16.3616,33.73,100,97,0.0
164,Bredasdorp,ZA,2022-10-20 19:05:26,-34.5322,20.0403,57.0,81,84,5.3
165,Mehamn,NO,2022-10-20 19:07:41,71.0357,27.8492,37.31,60,75,19.57
166,Sinnamary,GF,2022-10-20 19:03:55,5.3833,-52.95,84.2,67,100,11.16
167,Hirara,JP,2022-10-20 19:07:44,24.8,125.2833,78.08,85,100,26.19
168,Chanderi,IN,2022-10-20 19:07:12,24.7167,78.1333,67.77,59,0,3.06
169,Luderitz,NA,2022-10-20 19:07:45,-26.6481,15.1594,65.23,61,93,21.5
170,Glenwood Springs,US,2022-10-20 19:07:46,39.5505,-107.3248,70.07,24,0,4.61
171,Constitucion,CL,2022-10-20 19:07:47,-35.3333,-72.4167,61.61,60,28,16.8
172,Avarua,CK,2022-10-20 19:07:47,-21.2078,-159.775,77.05,73,40,12.66
173,Horta,PT,2022-10-20 19:07:48,38.5333,-28.6333,67.64,64,20,6.91
174,The Valley,AI,2022-10-20 19:07:49,18.217,-63.0578,84.81,74,20,16.11
175,Bethel,US,2022-10-20 19:03:28,41.3712,-73.414,59.09,42,0,11.5
176,Severo-Kurilsk,RU,2022-10-20 19:07:50,50.6789,156.125,42.96,80,100,8.43
177,Tuatapere,NZ,2022-10-20 19:05:59,-46.1333,167.6833,43.41,67,100,3.87
178,Rijeka,HR,2022-10-20 19:07:50,45.3431,14.4092,62.2,78,0,3.0
179,Kazachinskoye,RU,2022-10-20 19:06:13,57.6953,93.2761,34.23,89,100,4.99
180,Rawah,IQ,2022-10-20 19:07:51,34.4816,41.9093,76.62,33,1,4.72
181,Walvis Bay,NA,2022-10-20 19:07:52,-22.9575,14.5053,60.1,84,100,15.21
182,Conakry,GN,2022-10-20 19:06:20,9.538,-13.6773,80.55,79,5,6.91
183,Broome,US,2022-10-20 19:03:43,42.2506,-75.833,52.7,42,75,10.36
184,Vestmannaeyjar,IS,2022-10-20 19:08:54,63.4427,-20.2734,42.8,74,67,12.01
185,Oranjemund,NA,2022-10-20 19:08:55,-28.55,16.4333,60.35,83,100,22.15
186,Olinda,BR,2022-10-20 19:05:54,-8.0089,-34.8553,79.36,61,38,12.06
187,Sabzevar,IR,2022-10-20 19:07:24,36.2126,57.6819,64.15,37,56,0.92
188,Boyolangu,ID,2022-10-20 19:08:56,-8.1181,111.8935,76.19,91,100,1.07
189,Airai,TL,2022-10-20 19:08:56,-8.9266,125.4092,62.58,93,100,0.54
190,Geraldton,AU,2022-10-20 19:08:57,-28.7667,114.6,62.46,87,25,8.08
191,Oboyan,RU,2022-10-20 19:08:57,51.2098,36.2792,43.9,88,100,15.84
192,Acapulco,MX,2022-10-20 19:06:47,16.8634,-99.8901,78.06,88,100,7.74
193,Lorengau,PG,2022-10-20 19:06:49,-2.0226,147.2712,80.46,76,45,4.18
194,West Bay,KY,2022-10-20 19:08:58,19.3667,-81.4167,84.06,83,75,9.22
195,Lavrentiya,RU,2022-10-20 19:08:59,65.5833,-171.0,35.17,99,100,6.29
196,Tupancireta,BR,2022-10-20 19:09:02,-29.0806,-53.8358,68.02,91,100,10.89
197,Sola,VU,2022-10-20 19:09:02,-13.8833,167.55,80.01,79,56,16.75
198,Cockburn Town,TC,2022-10-20 19:07:57,21.4612,-71.1419,82.99,74,17,12.93
199,Moose Factory,CA,2022-10-20 19:09:04,51.2585,-80.6094,35.58,93,100,14.97
200,Amantea,IT,2022-10-20 19:09:04,39.1332,16.0746,67.15,68,0,3.58
201,Port Blair,IN,2022-10-20 19:09:05,11.6667,92.75,80.6,78,60,10.56
202,Debre Tabor,ET,2022-10-20 19:09:06,11.85,38.0167,52.5,80,39,2.89
203,Lazaro Cardenas,MX,2022-10-20 19:07:58,17.9583,-102.2,81.27,81,100,8.23
204,Beringovskiy,RU,2022-10-20 19:09:09,63.05,179.3167,36.32,84,33,6.46
205,Saldanha,ZA,2022-10-20 19:09:09,-33.0117,17.9442,60.78,74,43,24.27
206,Timbiqui,CO,2022-10-20 19:09:10,2.7717,-77.6654,78.75,82,100,4.88
207,Fort Nelson,CA,2022-10-20 19:09:11,58.8053,-122.7002,56.95,29,19,13.0
208,Auki,SB,2022-10-20 19:09:11,-8.7676,160.7034,77.58,87,58,4.47
209,Kalawit,PH,2022-10-20 19:09:12,8.0667,122.5167,78.31,87,100,1.79
210,Ballater,GB,2022-10-20 19:09:13,57.0493,-3.0402,50.0,91,100,3.0
211,Norman Wells,CA,2022-10-20 19:09:13,65.282,-126.8329,30.24,86,75,11.5
212,Muhos,FI,2022-10-20 19:09:14,64.808,25.9931,33.58,81,100,3.33
213,Daru,PG,2022-10-20 19:09:14,-9.0763,143.2092,79.02,87,26,5.84
214,Shebunino,RU,2022-10-20 19:09:15,46.4339,141.8603,48.58,59,21,12.17
215,Buba,GW,2022-10-20 19:09:16,11.5833,-15.0,79.84,77,17,4.27
216,Vilcun,CL,2022-10-20 19:09:16,-38.65,-72.2333,50.74,98,100,0.92
217,San Cristobal,VE,2022-10-20 19:09:17,7.7669,-72.225,82.74,51,99,1.41
218,Ryotsu,JP,2022-10-20 19:09:17,38.0833,138.4333,57.24,67,1,3.56
219,Makakilo City,US,2022-10-20 19:09:18,21.3469,-158.0858,77.32,71,75,5.75
220,Novovasylivka,UA,2022-10-20 19:09:18,46.8315,35.7536,43.38,77,100,20.27
221,Kaitangata,NZ,2022-10-20 19:09:19,-46.2817,169.8464,42.49,65,96,8.75
222,Umm Kaddadah,SD,2022-10-20 19:09:19,13.6017,26.6876,89.06,21,18,13.06
223,Ginda,IN,2022-10-20 19:09:20,30.6945,78.4932,46.08,73,4,8.34
224,Camacha,PT,2022-10-20 19:09:21,33.0833,-16.3333,69.22,73,20,9.22
225,Atar,MR,2022-10-20 19:09:21,20.5169,-13.0499,93.9,11,5,6.51
226,Baykit,RU,2022-10-20 19:09:22,61.67,96.37,30.36,97,84,3.2
227,Grand Gaube,MU,2022-10-20 19:09:22,-20.0064,57.6608,72.37,70,3,7.0
228,Camopi,GF,2022-10-20 19:09:23,3.1655,-52.3158,94.01,36,82,3.06
229,Ribeira Grande,PT,2022-10-20 19:09:24,38.5167,-28.7,68.4,64,20,6.91
230,Yulara,AU,2022-10-20 19:09:25,-25.2406,130.9889,67.53,40,0,4.23
231,Namatanai,PG,2022-10-20 19:10:25,-3.6667,152.4333,79.27,81,27,3.53
232,Bandarbeyla,SO,2022-10-20 19:10:26,9.4942,50.8122,78.21,89,40,9.24
233,Ambilobe,MG,2022-10-20 19:10:26,-13.2,49.05,70.27,69,0,4.81
234,Banda Aceh,ID,2022-10-20 19:10:27,5.5577,95.3222,77.25,91,100,16.51
235,Tura,IN,2022-10-20 19:10:28,25.5198,90.2201,67.62,89,0,4.83
236,Rovaniemi,FI,2022-10-20 19:09:12,66.5,25.7167,36.81,80,0,4.61
237,Cabo San Lucas,MX,2022-10-20 19:10:29,22.8909,-109.9124,90.61,69,4,6.58
238,Upernavik,GL,2022-10-20 19:10:30,72.7868,-56.1549,19.44,73,100,6.4
239,Elizabeth City,US,2022-10-20 19:10:30,36.2946,-76.2511,66.22,40,0,9.22
240,Waipawa,NZ,2022-10-20 19:10:31,-41.4122,175.5153,45.39,62,94,15.93
241,Saint George,US,2022-10-20 19:06:00,37.1041,-113.5841,73.8,23,0,1.99
242,Nampula,MZ,2022-10-20 19:10:32,-15.1165,39.2666,76.95,50,0,10.36
243,Fare,PF,2022-10-20 19:06:47,-16.7,-151.0167,78.89,75,7,15.41
244,Pacific Grove,US,2022-10-20 19:06:00,36.6177,-121.9166,86.65,84,0,11.99
245,Arraial Do Cabo,BR,2022-10-20 19:10:33,-22.9661,-42.0278,74.3,83,6,31.27
246,Kieta,PG,2022-10-20 19:10:33,-6.2167,155.6333,78.94,82,99,0.78
247,Riyadh,SA,2022-10-20 19:10:34,24.6877,46.7219,80.74,13,0,5.75
248,Severo-Yeniseyskiy,RU,2022-10-20 19:10:35,60.3725,93.0408,29.84,90,100,5.03
249,Straumen,NO,2022-10-20 19:10:35,63.8709,11.2999,37.4,82,99,4.25
250,Victoria,HK,2022-10-20 19:07:06,22.2855,114.1577,75.38,76,92,8.99
251,Wagar,SD,2022-10-20 19:10:36,16.1525,36.2032,91.58,21,0,9.08
252,Andra,RU,2022-10-20 19:10:37,62.5147,65.8878,34.18,78,100,13.65
253,Sao Joao Da Barra,BR,2022-10-20 19:10:38,-21.6403,-41.0511,75.54,79,26,22.77
254,Abu Samrah,SY,2022-10-20 19:10:38,35.3029,37.1841,67.53,74,3,11.81
255,Heide,DE,2022-10-20 19:10:39,54.2,9.1,51.89,83,100,12.35
256,Prainha,BR,2022-10-20 19:10:40,-1.8,-53.48,94.21,40,86,8.03
257,Salta,AR,2022-10-20 19:10:41,-24.7859,-65.4117,76.57,40,66,3.0
258,Ponta Delgada,PT,2022-10-20 19:10:41,37.7333,-25.6667,66.92,68,20,11.5
259,Xining,CN,2022-10-20 19:10:42,36.6167,101.7667,42.48,82,64,2.59
260,Yar-Sale,RU,2022-10-20 19:10:42,66.8333,70.8333,32.31,94,100,8.68
261,Ust-Maya,RU,2022-10-20 19:10:43,60.4167,134.5333,17.74,90,100,7.72
262,Mitsamiouli,KM,2022-10-20 19:10:43,-11.3847,43.2844,75.88,78,29,8.7
263,Lompoc,US,2022-10-20 19:07:25,34.6391,-120.4579,87.58,41,0,8.05
264,Stephenville,US,2022-10-20 19:08:49,32.2207,-98.2023,86.13,22,0,10.36
265,Mandali,IQ,2022-10-20 19:10:44,33.7499,45.5541,83.01,16,100,8.84
266,Ripoll,ES,2022-10-20 19:10:45,42.2006,2.1903,61.59,90,98,1.01
267,Praia,CV,2022-10-20 19:10:46,14.9215,-23.5087,81.14,74,0,2.3
268,Port Hardy,CA,2022-10-20 19:10:46,50.6996,-127.4199,54.63,73,98,16.35
269,Sisimiut,GL,2022-10-20 19:10:47,66.9395,-53.6735,25.21,65,100,11.18
270,Soyo,AO,2022-10-20 19:10:47,-6.1349,12.3689,76.86,81,40,8.3
271,Vitim,RU,2022-10-20 19:10:48,59.4511,112.5578,29.61,87,100,4.34
272,Hofn,IS,2022-10-20 19:10:49,64.2539,-15.2082,41.29,74,100,13.96
273,Nantucket,US,2022-10-20 19:10:49,41.2835,-70.0995,58.08,68,1,22.44
274,Tommot,RU,2022-10-20 19:10:50,58.9564,126.2925,27.59,96,100,7.74
275,Kozluk,TR,2022-10-20 19:10:51,38.1938,41.4885,62.85,42,80,1.63
276,Dikson,RU,2022-10-20 19:10:51,73.5069,80.5464,32.25,98,100,17.13
277,Havre,FR,2022-10-20 19:10:52,49.5833,0.3333,62.35,88,75,4.61
278,Ternuvate,UA,2022-10-20 19:10:53,47.8305,36.1276,42.93,85,100,18.75
279,Kloulklubed,PW,2022-10-20 19:11:53,7.0419,134.2556,78.55,88,97,11.5
280,Henties Bay,NA,2022-10-20 19:11:54,-22.116,14.2845,58.48,91,82,11.61
281,Katsuura,JP,2022-10-20 19:11:54,35.1333,140.3,61.88,62,0,4.68
282,Teguise,ES,2022-10-20 19:11:55,29.0605,-13.564,71.82,69,20,10.36
283,Coquimbo,CL,2022-10-20 19:11:55,-29.9533,-71.3436,60.53,77,40,13.8
284,Richards Bay,ZA,2022-10-20 19:11:56,-28.783,32.0377,72.16,85,10,4.68
285,Golden,US,2022-10-20 19:11:57,39.7555,-105.2211,78.98,11,0,9.22
286,Calama,CL,2022-10-20 19:11:57,-22.4667,-68.9333,72.09,6,0,18.41
287,Binabalian,PH,2022-10-20 19:11:58,16.4202,119.9279,80.37,81,100,10.27
288,Ampanihy,MG,2022-10-20 19:11:58,-24.7,44.75,75.34,59,6,3.6
289,Port-Gentil,GA,2022-10-20 19:11:59,-0.7193,8.7815,78.96,81,69,11.39
290,Tancheng,CN,2022-10-20 19:11:59,27.4375,115.4976,60.96,48,96,2.42
291,Gayeri,BF,2022-10-20 19:12:00,12.6497,0.4931,88.68,23,18,0.67
292,Magan,ES,2022-10-20 19:12:00,39.9683,-3.931,61.32,75,100,26.28
293,Lovington,US,2022-10-20 19:12:01,32.944,-103.3485,77.32,28,0,1.99
294,Xapuri,BR,2022-10-20 19:12:02,-10.6517,-68.5044,94.91,38,100,5.01
295,Keta,GH,2022-10-20 19:12:03,5.9179,0.9879,80.91,78,20,10.09
296,Shache,CN,2022-10-20 19:12:04,38.4167,77.2406,60.71,22,65,4.23
297,Trincomalee,LK,2022-10-20 19:12:04,8.5711,81.2335,78.55,86,100,11.68
298,Yuzhnyy,RU,2022-10-20 19:12:05,53.2542,83.6936,41.38,87,75,11.18
299,Merauke,ID,2022-10-20 19:12:06,-8.4667,140.3333,80.64,79,100,1.86
300,Jalu,LY,2022-10-20 19:12:06,29.0331,21.5482,72.14,45,11,6.69
301,Yaan,NG,2022-10-20 19:12:07,7.3833,8.5667,78.15,76,100,3.09
302,Vega De Alatorre,MX,2022-10-20 19:12:08,20.0333,-96.6333,75.0,70,57,9.8
303,Krasnovishersk,RU,2022-10-20 19:12:09,60.4078,57.082,34.75,93,100,10.63
304,Spearfish,US,2022-10-20 19:12:10,44.4908,-103.8594,79.88,10,0,14.97
305,Katangli,RU,2022-10-20 19:12:10,51.7102,143.2326,33.82,75,87,7.58
306,Parian Dakula,PH,2022-10-20 19:12:11,5.5567,120.7719,82.81,76,100,4.34
307,Cururupu,BR,2022-10-20 19:12:12,-1.8283,-44.8683,85.1,64,93,6.89
308,Havoysund,NO,2022-10-20 19:12:14,70.9963,24.6622,37.63,53,85,11.54
309,Storforshei,NO,2022-10-20 19:12:14,66.4043,14.5233,42.66,86,75,0.0
310,Pilar,BR,2022-10-20 19:12:15,-9.5972,-35.9567,79.11,57,19,9.64
311,Senanga,ZM,2022-10-20 19:12:16,-16.1167,23.2667,75.43,34,13,5.86
312,Sena Madureira,BR,2022-10-20 19:12:16,-9.0656,-68.6569,83.08,75,100,5.08
313,Carutapera,BR,2022-10-20 19:12:19,-1.195,-46.02,84.99,63,100,10.47
314,Shingu,JP,2022-10-20 19:12:19,33.7333,135.9833,55.74,71,0,5.35
315,Omsukchan,RU,2022-10-20 19:12:21,62.5333,155.8,0.99,96,100,4.97
316,Rebrikha,RU,2022-10-20 19:12:22,53.0733,82.3408,42.96,93,100,7.11
317,Vila Velha,BR,2022-10-20 19:12:22,-20.3297,-40.2925,77.95,75,35,11.01
318,Mopipi,BW,2022-10-20 19:12:23,-21.1833,24.8833,77.97,23,0,11.12
319,Mayo,US,2022-10-20 19:12:24,38.8876,-76.5119,63.12,33,0,11.01
320,Pocao De Pedras,BR,2022-10-20 19:12:24,-4.6667,-44.85,99.18,29,25,3.4
321,Dolores,AR,2022-10-20 19:12:25,-36.3132,-57.6792,71.11,66,100,6.02
322,Maua,BR,2022-10-20 19:12:25,-23.6678,-46.4614,82.44,73,100,7.61
323,Asilah,MA,2022-10-20 19:12:26,35.465,-6.0348,67.96,83,100,3.6
324,Paracuru,BR,2022-10-20 19:12:26,-3.41,-39.0306,80.11,66,59,16.96
325,Kokstad,ZA,2022-10-20 19:13:27,-30.5472,29.4241,61.47,95,100,0.58
326,Malanje,AO,2022-10-20 19:13:28,-9.5402,16.341,66.92,89,100,0.43
327,Bowen,AU,2022-10-20 19:13:29,-20.0167,148.2333,74.5,90,94,9.78
328,Namibe,AO,2022-10-20 19:13:29,-15.1961,12.1522,66.38,83,58,5.73
329,Talcahuano,CL,2022-10-20 19:13:31,-36.7167,-73.1167,56.88,72,0,9.22
330,Ranong,TH,2022-10-20 19:13:32,9.9658,98.6348,75.4,95,100,3.18
331,Faanui,PF,2022-10-20 19:13:33,-16.4833,-151.75,78.8,75,7,14.47
332,North Bend,US,2022-10-20 19:13:33,43.4065,-124.2243,59.16,82,0,8.05
333,Deputatskiy,RU,2022-10-20 19:13:35,69.3,139.9,0.77,93,100,7.29
334,Klembivka,UA,2022-10-20 19:13:36,48.3904,28.4109,39.52,71,14,9.31
335,Saraland,US,2022-10-20 19:13:36,30.8207,-88.0706,70.52,29,0,4.0
336,Kalat,PK,2022-10-20 19:13:38,29.0225,66.5916,55.63,31,0,3.49
337,Miyang,CN,2022-10-20 19:13:38,24.4042,103.4428,57.79,88,100,2.44
338,College,US,2022-10-20 19:13:39,64.8569,-147.8028,34.2,90,100,0.0
339,Calvinia,ZA,2022-10-20 19:13:39,-31.4707,19.776,70.48,22,99,4.65
340,Sioux Lookout,CA,2022-10-20 19:13:40,50.1001,-91.917,44.91,48,100,7.31
341,Kodinsk,RU,2022-10-20 19:13:40,58.6881,99.1844,31.01,95,95,3.91
342,Thessalon,CA,2022-10-20 19:13:41,46.2501,-83.5666,41.29,71,96,8.59
343,Garissa,KE,2022-10-20 19:13:41,-0.4536,39.6401,78.6,67,76,21.43
344,Kalmunai,LK,2022-10-20 19:13:42,7.4167,81.8167,78.04,86,100,6.11
345,Oktyabrskoye,RU,2022-10-20 19:13:42,43.0645,44.7417,53.74,87,98,6.71
346,Old Shinyanga,TZ,2022-10-20 19:13:43,-3.55,33.4,79.48,36,92,14.03
347,Pascagoula,US,2022-10-20 19:13:43,30.3658,-88.5561,70.52,34,0,5.75
348,Griffith,US,2022-10-20 19:13:44,41.5284,-87.4237,62.15,29,40,14.97
349,Paso De Carrasco,UY,2022-10-20 19:10:47,-34.8603,-56.0522,70.25,80,100,6.91
350,Saquarema,BR,2022-10-20 19:13:45,-22.92,-42.5103,81.82,66,49,17.4
351,Cabedelo,BR,2022-10-20 19:09:52,-6.9811,-34.8339,79.68,64,47,15.79
352,Tasiilaq,GL,2022-10-20 19:13:45,65.6145,-37.6368,37.56,92,100,3.02
353,Aloleng,PH,2022-10-20 19:13:47,16.1307,119.7824,79.02,84,100,6.42
354,Kaohsiung,TW,2022-10-20 19:13:48,22.6163,120.3133,76.03,81,19,2.3
355,Mizan Teferi,ET,2022-10-20 19:13:49,6.9833,35.5833,61.18,97,94,2.37
356,Marapanim,BR,2022-10-20 19:13:49,-0.7175,-47.6997,87.49,58,66,10.89
357,Tautira,PF,2022-10-20 19:13:50,-17.7333,-149.15,76.64,81,100,17.4
358,Mayna,RU,2022-10-20 19:13:50,54.1135,47.6231,37.51,80,72,4.7
359,Zalantun,CN,2022-10-20 19:13:51,48.0,122.7167,42.98,55,96,11.12
360,Srednekolymsk,RU,2022-10-20 19:13:51,67.45,153.6833,13.14,94,100,15.64
361,Sao Filipe,CV,2022-10-20 19:13:52,14.8961,-24.4956,77.59,83,12,5.86
362,Lisakovsk,KZ,2022-10-20 19:13:52,52.5369,62.4936,47.34,79,100,4.43
363,Paamiut,GL,2022-10-20 19:13:53,61.994,-49.6678,34.74,54,100,7.29
364,Kupang,ID,2022-10-20 19:13:55,-10.1667,123.5833,80.08,85,88,4.59
365,Aklavik,CA,2022-10-20 19:13:55,68.2191,-135.0107,23.47,97,77,2.19
366,Port Keats,AU,2022-10-20 19:11:08,-14.25,129.55,83.01,77,93,5.91
367,Tagusao,PH,2022-10-20 19:13:56,9.1924,117.8141,79.86,83,100,2.66
368,Kurchum,KZ,2022-10-20 19:13:57,48.5722,83.6542,42.55,83,100,7.76
369,Leshukonskoye,RU,2022-10-20 19:13:58,64.8989,45.7622,32.22,78,100,12.39
370,Bud,US,2022-10-20 19:13:58,39.447,-86.1758,59.05,27,60,15.5
371,Pryazha,RU,2022-10-20 19:13:59,61.6926,33.6216,32.25,91,100,3.96
372,Ancud,CL,2022-10-20 19:13:59,-41.8697,-73.8203,53.22,75,97,9.6
373,Coahuayana,MX,2022-10-20 19:14:00,18.7333,-103.6833,86.65,66,100,4.81
374,Pandan,PH,2022-10-20 19:15:00,14.0453,124.1694,78.21,87,65,4.68
375,Takoradi,GH,2022-10-20 19:15:01,4.8845,-1.7554,77.77,88,45,11.34
376,Asau,RO,2022-10-20 19:15:01,46.4333,26.4,36.52,67,0,1.57
377,Novobirilyussy,RU,2022-10-20 19:15:02,56.9514,90.6661,36.97,75,100,7.47
378,Zhanaozen,KZ,2022-10-20 19:15:02,43.3,52.8,55.99,94,2,2.26
379,Skibbereen,IE,2022-10-20 19:15:03,51.55,-9.2667,59.11,88,99,22.12
380,Coro,VE,2022-10-20 19:15:04,11.4045,-69.6734,85.86,67,51,15.86
381,Imbituba,BR,2022-10-20 19:15:06,-28.24,-48.6703,71.04,86,100,13.69
382,Zhenlai,CN,2022-10-20 19:15:06,45.8495,123.2973,50.63,63,100,9.08
383,Yantongshan,CN,2022-10-20 19:15:07,43.2919,126.0094,51.93,58,100,13.33
384,Marovoay,MG,2022-10-20 19:15:08,-16.1,46.6333,73.76,71,0,2.95
385,Gazojak,TM,2022-10-20 19:15:08,41.1875,61.4036,58.05,32,2,15.5
386,Tupik,RU,2022-10-20 19:15:09,54.4253,119.9327,19.44,97,39,0.78
387,Kruisfontein,ZA,2022-10-20 19:15:10,-34.0033,24.7314,60.89,87,68,5.17
388,Narsaq,GL,2022-10-20 19:12:01,60.9167,-46.05,35.82,63,42,5.28
389,Dunda,TZ,2022-10-20 19:15:11,-8.1167,34.25,73.74,42,67,7.11
390,La Ronge,CA,2022-10-20 19:11:57,55.1001,-105.2842,58.01,45,100,13.96
391,Samsun,TR,2022-10-20 19:15:12,41.25,36.3333,60.48,78,75,19.57
392,Carman,CA,2022-10-20 19:15:13,49.4992,-98.0016,61.9,33,100,10.85
393,Bara,NG,2022-10-20 19:15:13,10.3744,10.7288,78.84,37,15,1.95
394,Maldonado,UY,2022-10-20 19:14:05,-34.6667,-54.9167,68.23,77,100,3.78
395,Neiafu,TO,2022-10-20 19:15:14,-18.65,-173.9833,79.48,89,75,5.75
396,Charters Towers,AU,2022-10-20 19:15:15,-20.1,146.2667,71.49,92,45,8.77
397,Mayumba,GA,2022-10-20 19:15:16,-3.432,10.6554,77.22,85,32,5.66
398,Colchester,GB,2022-10-20 19:15:16,51.8892,0.9042,58.14,87,80,9.01
399,New Milford,US,2022-10-20 19:15:17,40.9327,-74.0179,61.21,34,0,14.97
400,Gizo,SB,2022-10-20 19:13:24,-8.103,156.8419,82.83,76,71,4.52
401,Wladyslawowo,PL,2022-10-20 19:15:18,54.7909,18.4009,43.93,66,6,10.0
402,Ngunguru,NZ,2022-10-20 19:15:19,-35.6167,174.5,57.07,80,26,10.69
403,Belgrade,RS,2022-10-20 19:15:01,44.804,20.4651,51.46,68,0,5.75
404,Zabaykalsk,RU,2022-10-20 19:15:20,49.6333,117.3167,34.47,63,100,6.4
405,Hailar,CN,2022-10-20 19:15:21,49.2,119.7,35.94,93,100,14.23
406,Slavyanka,RU,2022-10-20 19:15:21,42.8633,131.3847,52.57,69,100,2.15
407,Longkou,CN,2022-10-20 19:15:22,37.6508,120.3286,56.23,77,90,11.23
408,San Quintin,MX,2022-10-20 19:15:25,30.4833,-115.95,78.04,50,5,8.37
409,El Rosario,MX,2022-10-20 19:15:29,24.2556,-107.1828,90.54,49,6,7.63
410,Cape Girardeau,US,2022-10-20 19:15:31,37.3834,-89.7168,66.02,22,3,5.01
411,Clarence Town,AU,2022-10-20 19:15:32,-32.5833,151.7833,66.94,99,100,2.93
412,Gwanda,ZW,2022-10-20 19:15:33,-20.9333,29.0,73.94,34,3,9.44
413,Hay River,CA,2022-10-20 19:12:00,60.8156,-115.7999,42.57,71,100,15.14
414,Green River,US,2022-10-20 19:14:16,41.5286,-109.4662,68.18,26,0,5.01
415,Cayenne,GF,2022-10-20 19:11:59,4.9333,-52.3333,87.84,62,100,12.66
416,Gniezno,PL,2022-10-20 19:15:34,52.5348,17.5826,45.39,72,29,10.2
417,Bull Savanna,JM,2022-10-20 19:15:36,17.8868,-77.5902,83.5,67,12,11.72
418,Campbell River,CA,2022-10-20 19:15:24,50.0163,-125.2446,63.45,47,0,9.17
419,Puerto Baquerizo Moreno,EC,2022-10-20 19:15:38,-0.9,-89.6,67.46,79,81,12.21
420,Hambantota,LK,2022-10-20 19:15:39,6.1241,81.1185,79.68,79,100,17.34
421,Semme,FR,2022-10-20 19:15:40,46.1963,1.5007,66.61,69,100,9.53
422,Morant Bay,JM,2022-10-20 19:16:41,17.8815,-76.4093,89.71,71,16,8.05
423,Conde,BR,2022-10-20 19:16:41,-7.2597,-34.9075,79.11,59,26,15.23
424,Muroto,JP,2022-10-20 19:16:42,33.2833,134.15,65.89,60,0,6.35
425,Havelock,US,2022-10-20 19:16:42,34.8791,-76.9013,66.18,47,0,5.01
426,Twin Falls,US,2022-10-20 19:16:45,42.3505,-114.6445,64.74,26,0,5.75
427,Claveria,PH,2022-10-20 19:16:45,18.6074,121.0832,78.82,92,100,14.38
428,Berekum,GH,2022-10-20 19:16:46,7.4534,-2.584,74.41,83,100,2.66
429,Varnavino,RU,2022-10-20 19:16:47,57.4035,45.0916,32.83,89,23,6.53
430,Muravlenko,RU,2022-10-20 19:16:47,63.7898,74.523,35.24,82,100,15.05
431,Giovinazzo,IT,2022-10-20 19:16:48,41.1864,16.6674,64.81,88,0,4.61
432,Banjar,ID,2022-10-20 19:16:48,-8.19,114.9675,77.63,87,100,2.8
433,Visakhapatnam,IN,2022-10-20 19:16:49,17.69,83.2093,84.09,79,40,3.44
434,Aswan,EG,2022-10-20 19:16:49,24.0934,32.907,82.89,34,5,16.71
435,Benghazi,LY,2022-10-20 19:16:50,32.1167,20.0667,72.03,63,0,11.86
436,Darovskoy,RU,2022-10-20 19:16:51,58.77,47.9564,36.72,87,100,8.25
437,Dingle,PH,2022-10-20 19:16:52,10.9995,122.6711,76.64,92,100,1.59
438,Muros,ES,2022-10-20 19:16:53,42.7762,-9.0603,64.83,78,9,24.18
439,Surt,LY,2022-10-20 19:16:53,31.2089,16.5887,72.48,63,12,8.37
440,Smolenka,RU,2022-10-20 19:16:54,52.1352,113.4974,24.87,93,100,2.24
441,El Dovio,CO,2022-10-20 19:16:55,4.5079,-76.2362,69.46,84,100,4.25
442,Mbandaka,CD,2022-10-20 19:16:55,0.0487,18.2603,69.37,96,100,4.47
443,Trairi,BR,2022-10-20 19:16:45,-3.2778,-39.2689,82.76,65,19,15.86
444,Gusau,NG,2022-10-20 19:16:57,12.1628,6.6614,81.95,28,26,4.59
445,Barra Da Estiva,BR,2022-10-20 19:16:58,-13.6261,-41.3269,82.99,29,54,7.11
446,Nyzy,UA,2022-10-20 19:16:59,50.7828,34.7844,44.51,72,100,15.03
447,Poum,NC,2022-10-20 19:17:00,-20.2333,164.0167,75.74,73,100,16.44
448,Leh,IN,2022-10-20 19:17:00,34.1667,77.5833,30.27,70,26,3.85
449,Pevek,RU,2022-10-20 19:17:01,69.7008,170.3133,20.64,90,100,3.98
450,Falun,SE,2022-10-20 19:17:01,60.6036,15.626,42.94,84,100,2.51
451,Samus,RU,2022-10-20 19:17:02,56.7475,84.6992,42.24,91,100,7.58
452,Tessalit,ML,2022-10-20 19:17:02,20.1986,1.0114,86.45,15,100,9.37
453,Shimanovsk,RU,2022-10-20 19:17:03,52.0,127.7,30.63,70,97,5.91
454,Evensk,RU,2022-10-20 19:17:03,61.95,159.2333,12.38,73,71,9.48
455,Smithers,CA,2022-10-20 19:17:04,54.7804,-127.1743,44.92,70,75,2.3
456,Merrill,US,2022-10-20 19:17:04,45.1805,-89.6835,56.17,35,0,4.61
457,Sur,OM,2022-10-20 19:17:05,22.5667,59.5289,80.71,45,0,5.48
458,Vicksburg,US,2022-10-20 19:17:05,32.3526,-90.8779,71.33,19,0,9.22
459,Hobyo,SO,2022-10-20 19:17:06,5.3505,48.5268,79.41,82,91,17.47
460,Praya,CV,2022-10-20 19:17:03,14.9215,-23.5087,81.14,74,0,2.3
461,Lalmohan,BD,2022-10-20 19:17:07,22.3384,90.7419,77.95,78,0,10.69
462,Seoul,KR,2022-10-20 19:16:46,37.5683,126.9778,47.64,100,92,1.14
463,Bagdarin,RU,2022-10-20 19:17:08,54.4333,113.6,23.85,81,78,3.83
464,Gorgan,IR,2022-10-20 19:17:08,36.8387,54.4348,66.16,77,0,4.61
465,High Prairie,CA,2022-10-20 19:17:08,55.4334,-116.4858,54.12,32,0,16.4
466,Vao,NC,2022-10-20 19:17:09,-22.6667,167.4833,70.84,73,95,18.05
467,Sisophon,KH,2022-10-20 19:17:10,13.5859,102.9737,74.23,87,64,5.64
468,Mildura,AU,2022-10-20 19:17:10,-34.2,142.15,62.56,94,100,4.61
469,Goodings Grove,US,2022-10-20 19:18:11,41.6292,-87.9309,62.78,35,40,13.8
470,Adeje,ES,2022-10-20 19:18:12,28.1227,-16.726,71.17,85,0,5.75
471,Gamba,GA,2022-10-20 19:18:13,-2.65,10.0,76.78,84,15,5.28
472,Talnakh,RU,2022-10-20 19:18:13,69.4865,88.3972,36.21,98,100,15.9
473,Mao,ES,2022-10-20 19:18:14,39.8885,4.2658,72.16,94,20,11.5
474,Bac Lieu,VN,2022-10-20 19:18:14,9.285,105.7244,79.27,85,100,9.01
475,Manokwari,ID,2022-10-20 19:18:15,-0.8667,134.0833,78.35,78,100,3.4
476,Cardston,CA,2022-10-20 19:15:28,49.2,-113.3019,64.69,47,94,12.66
477,Sarangani,PH,2022-10-20 19:18:17,5.4033,125.4636,83.84,74,100,13.44
478,Rawson,AR,2022-10-20 19:16:36,-43.3002,-65.1023,54.0,64,37,25.79
479,Jilin,CN,2022-10-20 19:18:18,43.0,126.0,50.97,58,100,16.37
480,Pangai,TO,2022-10-20 19:18:18,-19.8,-174.35,77.11,78,75,2.3
481,La Paz,BO,2022-10-20 19:18:18,-16.5,-68.15,67.98,16,75,16.11
482,Dong Hoi,VN,2022-10-20 19:18:19,17.4833,106.6,69.46,85,100,14.85
483,Berlevag,NO,2022-10-20 19:18:19,70.8578,29.0864,37.35,65,100,19.57
484,Bandar-E Lengeh,IR,2022-10-20 19:18:20,26.5579,54.8807,84.97,50,9,6.13
485,Cadereyta,MX,2022-10-20 19:18:20,25.5833,-99.9833,77.18,38,0,3.06
486,Manado,ID,2022-10-20 19:18:21,1.487,124.8455,75.97,94,20,1.14
487,Booue,GA,2022-10-20 19:18:21,-0.0921,11.9385,71.65,98,100,0.69
488,Te Anau,NZ,2022-10-20 19:16:22,-45.4167,167.7167,35.31,92,56,1.34
489,Linjiang,CN,2022-10-20 19:18:22,41.8069,126.9078,45.93,86,100,3.71
490,Qaqortoq,GL,2022-10-20 19:18:23,60.7167,-46.0333,33.87,59,22,2.44
491,Kalabo,ZM,2022-10-20 19:18:23,-14.97,22.6814,78.91,31,69,7.18
492,Aransas Pass,US,2022-10-20 19:18:24,27.9095,-97.15,81.21,100,0,11.5
493,Lubbock,US,2022-10-20 19:17:30,33.6001,-101.8338,79.38,20,20,5.75
494,Xuddur,SO,2022-10-20 19:18:25,4.1213,43.8894,78.8,59,99,12.55
495,Maarianhamina,AX,2022-10-20 19:18:26,60.0973,19.9348,33.66,100,0,1.14
496,Hualmay,PE,2022-10-20 19:18:27,-11.0964,-77.6139,66.34,68,25,10.78
497,Kerava,FI,2022-10-20 19:18:28,60.4034,25.105,46.47,79,75,4.61
498,Jishou,CN,2022-10-20 19:18:28,28.3167,109.7167,58.71,84,100,2.66
499,Petropavlovsk-Kamchatskiy,RU,2022-10-20 19:18:29,53.0452,158.6483,34.39,51,40,6.71
500,Jurm,AF,2022-10-20 19:18:29,36.8648,70.8342,49.01,35,0,5.68
501,Santa Cruz,BO,2022-10-20 19:15:05,-17.8,-63.1667,90.86,52,75,17.27
502,Ornes,NO,2022-10-20 19:18:30,66.8689,13.7078,43.83,92,100,5.7
503,Eenhana,NA,2022-10-20 19:18:28,-17.4667,16.3333,80.6,26,17,6.96
504,Palora,EC,2022-10-20 19:18:31,-1.7,-77.9333,76.53,80,100,3.27
505,Ewa Beach,US,2022-10-20 19:18:31,21.3156,-158.0072,78.75,71,75,5.75
506,Binzhou,CN,2022-10-20 19:18:32,37.3667,118.0167,55.02,57,89,6.29
507,Berbera,SO,2022-10-20 19:18:33,10.4396,45.0143,84.49,65,26,4.99
508,Komsomolskiy,UZ,2022-10-20 19:18:33,40.4272,71.7189,47.12,81,0,4.61
509,Marsh Harbour,BS,2022-10-20 19:18:34,26.5412,-77.0636,75.61,83,66,6.6
510,Madison,US,2022-10-20 19:15:42,34.7334,-86.5667,63.46,28,0,12.66
511,Bay Roberts,CA,2022-10-20 19:18:35,47.5999,-53.2648,59.5,90,100,16.58
512,Grand-Lahou,CI,2022-10-20 19:18:35,5.1367,-5.0242,77.59,87,100,8.08
513,Saint Pete Beach,US,2022-10-20 19:18:36,27.7253,-82.7412,73.45,49,75,10.36
514,Potsdam,DE,2022-10-20 19:16:12,52.3989,13.0657,51.49,86,100,10.71
515,Cidreira,BR,2022-10-20 19:19:36,-30.1811,-50.2056,68.43,90,100,13.2
516,Puerto Quijarro,BO,2022-10-20 19:15:11,-17.7833,-57.7667,94.08,40,100,6.08
517,Port Augusta,AU,2022-10-20 19:19:38,-32.5,137.7667,61.83,83,100,10.09
518,Vestmanna,FO,2022-10-20 19:19:38,62.1564,-7.1664,45.52,93,100,19.57
519,Rocha,UY,2022-10-20 19:19:38,-34.4833,-54.3333,66.85,78,100,5.21
520,Lingao,CN,2022-10-20 19:19:39,19.9103,109.6859,76.12,91,100,17.52
521,Pasni,PK,2022-10-20 19:19:40,25.2631,63.471,81.01,51,0,6.76
522,Tula,RU,2022-10-20 19:19:40,54.2044,37.6111,42.6,85,16,8.99
523,Atambua,ID,2022-10-20 19:19:41,-9.1061,124.8925,76.35,86,88,1.99
524,Kataysk,RU,2022-10-20 19:19:41,56.289,62.5841,37.78,67,69,6.35
525,Umm Lajj,SA,2022-10-20 19:18:14,25.0213,37.2685,82.13,64,5,6.93
526,Pimentel,PE,2022-10-20 19:19:42,-6.8367,-79.9342,68.29,64,0,21.85
527,Kapoeta,SS,2022-10-20 19:19:43,4.7717,33.5903,83.79,42,100,8.88
528,Lunino,RU,2022-10-20 19:19:43,53.5918,45.2271,44.91,73,100,7.52
529,Hami,CN,2022-10-20 19:19:44,42.8,93.45,48.79,34,3,11.52
530,Celestun,MX,2022-10-20 19:19:44,20.8667,-90.4,77.83,61,82,12.95
531,Ati,TD,2022-10-20 19:19:45,13.2154,18.3353,92.08,22,60,2.48
532,Khor,RU,2022-10-20 19:19:45,47.8861,134.9464,38.79,66,100,5.1
533,Jiaocheng,CN,2022-10-20 19:19:46,24.6774,116.1389,64.24,62,91,2.42
534,Gat,IL,2022-10-20 19:19:46,31.61,34.7642,74.08,100,100,4.07
535,Abha,SA,2022-10-20 19:16:36,18.2164,42.5053,62.42,77,0,0.0
536,Okiot,PH,2022-10-20 19:19:47,9.5667,123.1667,79.12,86,100,1.68
537,Mandalgovi,MN,2022-10-20 19:19:48,45.7625,106.2708,30.94,68,16,7.58
538,Arapongas,BR,2022-10-20 19:19:48,-23.4194,-51.4244,77.29,66,100,9.26
539,Lekoni,GA,2022-10-20 19:17:20,-1.5843,14.2591,72.84,89,100,6.35
540,Point Pedro,LK,2022-10-20 19:19:49,9.8167,80.2333,79.57,79,100,1.03
541,Eureka,US,2022-10-20 19:16:00,40.8021,-124.1637,56.59,60,4,6.2
542,Burriana,ES,2022-10-20 19:19:50,39.889,-0.085,73.71,85,100,0.78
543,Natchitoches,US,2022-10-20 19:15:41,31.7668,-93.1335,78.78,27,0,9.22
544,Chifeng,CN,2022-10-20 19:19:51,42.2683,118.9636,53.1,41,100,12.59
545,Klaksvik,FO,2022-10-20 19:19:52,62.2266,-6.589,47.32,87,100,26.71
546,Irbit,RU,2022-10-20 19:19:52,57.6705,63.071,36.64,65,12,8.75
547,Olafsvik,IS,2022-10-20 19:19:53,64.8945,-23.7142,43.02,72,43,13.44
548,Tulu Bolo,ET,2022-10-20 19:16:21,8.6667,38.2167,56.89,54,74,2.01
549,Redwater,US,2022-10-20 19:15:25,33.3582,-94.2544,75.22,29,2,7.54
550,Kati,ML,2022-10-20 19:19:54,12.7441,-8.0726,85.41,33,97,3.76
551,Churapcha,RU,2022-10-20 19:19:54,62.0025,132.4325,12.09,95,100,6.4
552,Matagami,CA,2022-10-20 19:19:55,49.7502,-77.6328,39.31,87,100,6.91
553,Nyurba,RU,2022-10-20 19:19:55,63.2842,118.3319,21.96,95,81,6.55
554,Aksu,CN,2022-10-20 19:19:56,41.1231,80.2644,52.39,30,6,2.77
555,Opuwo,NA,2022-10-20 19:19:56,-18.0607,13.84,81.46,25,92,5.7
556,Magnolia,US,2022-10-20 19:19:57,33.2671,-93.2393,74.88,29,20,11.01
557,Ofunato,JP,2022-10-20 19:19:57,39.0717,141.7167,54.88,78,0,7.63
558,Jinxi,CN,2022-10-20 19:19:58,30.4323,116.2922,59.36,43,90,3.06
559,Qurayyat,SA,2022-10-20 19:19:58,31.3318,37.3428,71.78,53,40,13.8
560,Vanimo,PG,2022-10-20 19:19:59,-2.6741,141.3028,77.31,86,94,1.59
561,Itaituba,BR,2022-10-20 19:19:59,-4.2761,-55.9836,89.22,56,100,2.33
562,Mahajanga,MG,2022-10-20 19:20:00,-15.7167,46.3167,74.66,72,0,3.4
563,Viedma,AR,2022-10-20 19:20:01,-40.8135,-62.9967,74.88,23,71,21.05
564,Ilulissat,GL,2022-10-20 19:21:01,69.2167,-51.1,23.02,63,75,5.75
565,La Plata,AR,2022-10-20 19:21:02,-34.9215,-57.9545,70.11,68,100,3.65
566,Bani Walid,LY,2022-10-20 19:21:03,31.7566,13.9942,67.1,71,0,9.28
567,Santa Fe,AR,2022-10-20 19:17:14,-31.6333,-60.7,79.02,65,95,7.0
568,Nuuk,GL,2022-10-20 19:21:04,64.1835,-51.7216,30.81,55,75,5.99
